"图片文件名","标题"
"187_00.jpg","属于二人世界的色情文化"
"1309497136_07726700.jpg","性幻想让性生活更精彩！"
"0f89c64a60.jpeg","舌尖和嘴唇让你蠢蠢欲动"
"20091019113556519.jpg","八招征服女人的前戏技巧"
"1314080875_83928500.jpg","手指也可以让女人爽翻天"
"index_42.jpg","性爱花招让她兴奋到极点！"
"s1.gif","1.狗狗式"
"s2.gif","2.项链式"
"s3.gif","3.传教士式"
"s4.gif","4.女牛仔式"
"s5.gif","5.反女牛仔式"
"s6.gif","6.跷跷板式"
"s7.gif","7.站立抱起式"
"s8.gif","8.跪坐式"
"s9.gif","9.高45度传教士式"
"s10.gif","10.斜45度传教士式"
"s11.gif","11.贴背式"
"s12.gif","12.侧面传教士体位"
"s13.gif","13.合腿式传教士式"
"s14.gif","14.大鹏展翅式"
"s15.gif","15.汤匙式"
"s16.gif","16.低头翘臀式"
"s17.gif","17.蝴蝶式"
"s18.gif","18.因陀罗妻子式"
"s19.gif","19.螺旋式"
"s20.gif","20.转头式"
"s21.gif","21.女上贴附式"
"s22.gif","22.拱桥式"
"s23.gif","23.空中飞人"
"s24.gif","24.跳马式"
"s25.gif","25.大提琴式"
"s26.gif","26.老汉推车式"
"s27.gif","27.侧躺式"
"s28.gif","28.风车式"
"s29.gif","29.睡美人式"
"s30.gif","30.跳舞式"
"s31.gif","31.坐牛式"
"s32.gif","32.亚马逊式"
"s33.gif","33.主人式"
"s34.gif","34.反主人式"
"s35.gif","35.蛙跳式"
"s36.gif","36.扶手椅式"
"s37.gif","37.贴身保镖式"
"s38.gif","38.融合式"
"s39.gif","39.取悦式"
"s40.gif","40.爱的拥抱式"
"s41.gif","41.伏地挺身式"
"s42.gif","42.深入式"
"s43.gif","43.女牛仔特技式"
"s44.gif","44.变形牛仔特技式"
"s45.gif","45.金字塔式"
"s46.gif","46.摇椅式"
"s47.gif","47.变形空中飞人"
"s48.gif","48.求婚式"
"s49.gif","49.直立狗狗式"
"s50.gif","50.黑蜂式加强版"
"s51.gif","51.悬背式"
"s52.gif","52.马桶式"
"s53.gif","53.活动躺椅式"
"s54.gif","54.69式"
"s55.gif","55.棒棒糖式"
"s56.gif","56.68式"
"s57.gif","57.站立69式"
"s58.gif","58.夏娃极乐式"
"s59.gif","59.坐立吹箫式"
"s60.gif","60.站立吹箫式"
"s61.gif","61.骑脸式"
"s62.gif","62.围巾式"
"s63.gif","63.深喉式"
"s64.gif","64.抬脚式"
"s65.gif","65.亲吻式"
"s66.gif","66.反贴背式"
"s67.gif","67.水平旋转式"
"s68.gif","68.侧面抽抽插式"
"s69.gif","69.单脚抬腿式"
"s70.gif","70.侧坐式"
"s71.gif","71.圣诞老人式"
"s72.gif","72.头尾不分式"
"s73.gif","73.反45度传教士体位"
"s74.gif","74.后仰式"
"s75.gif","75.插电式"
"s76.gif","76.倾倒式"
"s77.gif","77.女王式"
"s78.gif","78.横坐式"
"s79.gif","79.懒人式"
"s80.gif","80.横向翘腿式"
"s81.gif","81.分脚式"
"s82.gif","82.双跪式"
"s83.gif","83.跪趴式"
"s84.gif","84.观星式"
"s85.gif","85.玩球式"
"s86.gif","86.狗狗舔盘式"
"s87.gif","87.联结式"
"s88.gif","88.吊床式"
"s89.gif","89.开退前俯式"
"s90.gif","90.扭转式"
"s91.gif","91.90度侧转式"
"s92.gif","92.长板凳式"
"s93.gif","93.男生开车式"
"s94.gif","94.女生开车式"
"s95.gif","95.变形长板凳式"
"s96.gif","96.交叉式"
"s97.gif","97.禁忌果实式"
"s98.gif","98.全车吹箫式"
"s99.gif","99.剪刀脚式"
"s100.gif","100.亚洲女牛仔式"
"613092053.jpg","给力的做爱方式你会几种?"
"53318589.jpg","哪种姿势最易达到性高潮?"
"220_00.jpg","背后式性交让她爽翘翘"
"ea33d37fb.jpg","六招让女人快速达到性高潮"
"141522K02-0.jpg","女人达到性高潮的六种表现"
"1314080873_26490300.jpg","一个女生的性高潮自白"
"662208580.jpg","熟女自述阴茎插入的快感"
"1319184746_98558700.jpg","为什么女性私密部位会变黑"
"254071418.jpg","想看出女人有几次性经历吗?"
"133649712.jpg","看古人怎样鉴别女子的淫欲"
"1314849128_23262800.jpg","让她神魂颠倒的爱抚姿势"
"ff08a5dd90.jpeg","怎样摸到女人最爽的地方"
"1314080876_54031800.jpg","让少女淫水滔滔的爱抚技巧"
"1211252113030134P.jpg","女人内裤中所隐藏的性"
"287_00.jpg","性爱中怎样为女人脱衣服"
"78645100.jpg","女人性高潮也会的勃起"
"85_00.jpeg","刺激G点的秘诀让女人离不开你!"
"8461651.jpg","让女人求饶的性爱妙招"
"e1.jpg","岩清水 第1手"
"e2.jpg","浮き桥 第2手"
"e3.jpg","しがらみ 第3手"
"e4.jpg","うしろやぐら(后橹) 第4手"
"e5.jpg","押し车 第5手"
"e6.jpg","雁が首 第6手"
"e7.jpg","首引き恋慕 第7手"
"e8.jpg","御所车 第8手"
"e9.jpg","こたつかがり 第9手"
"e10.jpg","こたつ隠れ 第10手"
"e11.jpg","碁盘攻め 第11手"
"e12.jpg","莺の谷渡り 第12手"
"e13.jpg","时雨茶臼 第13手"
"e14.jpg","狮子舞 第14手"
"e15.jpg","しぼり芙蓉(绞り芙蓉) 第15手"
"e16.jpg","しめ小股 第16手"
"e17.jpg","撞木ぞり 第17手"
"e18.jpg","菊一文字 第18手"
"e19.jpg","宝船 第19手"
"e20.jpg","抱き上げ 第20手"
"e21.jpg","抱き地蔵 第21手"
"e22.jpg","立ちかなえ 第22手"
"e23.jpg","立ち花菱 第23手"
"e24.jpg","立ち松叶 第24手"
"e25.jpg","だるま返し(达磨返し) 第25手"
"e26.jpg","千鸟 第26手"
"e27.jpg","千鸟の曲 第27手"
"e28.jpg","茶臼のばし 第28手"
"e29.jpg","つばめ返し(燕返し) 第29手"
"e30.jpg","つり桥(吊り桥) 第30手"
"e31.jpg","手悬け 第31手"
"e32.jpg","特殊体位 梃子かがり 第32手"
"e33.jpg","鸣门 第33手"
"e34.jpg","百闭 第34手"
"e35.jpg","鹎越え 第35手"
"e36.jpg","鹎越えの逆落とし 第36手"
"e37.jpg","仏坛返し 第37手"
"e38.jpg","二つ巴 第38手"
"e39.jpg","帆かけ茶臼 第39手"
"e40.jpg","本驹駆け 第40手"
"e41.jpg","窓の月 第41手"
"e42.jpg","松叶崩し 第42手"
"e43.jpg","深山 第43手"
"e44.jpg","椋鸟 第44手"
"e45.jpg","乱れ牡丹 第45手"
"e46.jpg","流镝马 第46手"
"e47.jpg","寄り添い 第47手"
"e48.jpg","理非知らず 第48手"
"05_47437.jpg","30招禽兽般插入让她爽到极"
"6071555551.jpg","只需九招就让她持续性高潮"
"5204KVP3-5.jpg","射精对女人性高潮很重要"
"159831.jpg","精液涌入助推女人性高潮"
"1612343N6-0.jpg","女人谈精液射在里面的感觉"
"217_00.jpg","性音悦耳动听中加快性高潮"
"2008031114254682.jpg","男人喜欢怎样的床上呻吟"
"90_00.jpeg","听女人讲述最想怎么做爱"
"114_00.jpg","她认为男人哪个部位最性感"
"20313227.jpg","性爱前女人最讨厌五件事"
"97478269.jpg","如何征服少女的第一次"
"6_00.jpg","奉献初夜时女人在想什么"
"55_00.jpg","有痛有甜我的初夜全体验"
"283_00.jpg","如何让淑女爱上性交?"
"66_00.jpg","让性爱更有趣的花式技巧"
"63_00.jpeg","高潮后的四件闺房密招"
"836961.jpg","5个问题看你是否性爱高手"
"2209431Z5-5.jpg","和老板娘做爱才知何为高潮"
"55864239.jpg","娇妻性爱前8种调情高招"
"44553039.jpg","瞬间点燃“性爱之火”"
"9_00.jpg","不同尺寸有不同的技巧"
"1319698792_08224900.jpg","高招触动她的快感神经"
"1314849125_46187700.jpg","女人性高潮时私处的变化"
"153_00.jpg","做爱升级：寻找子宫的快感"
"185_00.jpg","在山顶我们一起达到性高潮"
"285_00.jpg","新鲜场所让激情四处燃烧"
"28340800.jpg","女人喜欢的六大性爱场景"
"10-1110261119590-L.jpg","女人心声：期待这样的性爱"
"10-1110120935480-L.jpg","性饥渴美女被脱下性裤后…"
"227_00.jpg","勾引少妇的性爱故事"
