"文件名","标题","缩略图"
"01.html","属于二人世界的色情文化","187_00.jpg"
"02.html","性幻想让性生活更精彩！","1309497136_07726700.jpg"
"03.html","舌尖和嘴唇让你蠢蠢欲动","0f89c64a60.jpeg"
"04.html","八招征服女人的前戏技巧","20091019113556519.jpg"
"05.html","手指也可以让女人爽翻天","1314080875_83928500.jpg"
"06.html","性爱花招让她兴奋到极点！","index_42.jpg"
"07.html","不可不做的爱爱101式(1)","s1.gif"
"08.html","不可不做的爱爱101式(2)","s26.gif"
"09.html","不可不做的爱爱101式(3)","s51.gif"
"10.html","不可不做的爱爱101式(4)","s76.gif"
"11.html","给力的做爱方式你会几种?","613092053.jpg"
"12.html","哪种姿势最易达到性高潮?","53318589.jpg"
"13.html","背后式性交让她爽翘翘","220_00.jpg"
"14.html","六招让女人快速达到性高潮","ea33d37fb.jpg"
"15.html","女人达到性高潮的六种表现","141522K02-0.jpg"
"16.html","一个女生的性高潮自白","1314080873_26490300.jpg"
"17.html","熟女自述阴茎插入的快感","662208580.jpg"
"18.html","为什么女性私密部位会变黑","1319184746_98558700.jpg"
"19.html","想看出女人有几次性经历吗?","254071418.jpg"
"20.html","看古人怎样鉴别女子的淫欲","133649712.jpg"
"21.html","让她神魂颠倒的爱抚姿势","1314849128_23262800.jpg"
"22.html","怎样摸到女人最爽的地方","ff08a5dd90.jpeg"
"23.html","让少女淫水滔滔的爱抚技巧","1314080876_54031800.jpg"
"24.html","女人内裤中所隐藏的性","1211252113030134P.jpg"
"25.html","性爱中怎样为女人脱衣服","287_00.jpg"
"26.html","女人性高潮也会的勃起","78645100.jpg"
"27.html","刺激G点的秘诀让女人离不开你!","85_00.jpeg"
"28.html","让女人求饶的性爱妙招","8461651.jpg"
"29.html","日本相传江户四十八手(上)","e1.jpg"
"30.html","日本相传江户四十八手(下)","e26.jpg"
"31.html","30招禽兽般插入让她爽到极","05_47437.jpg"
"32.html","只需九招就让她持续性高潮","6071555551.jpg"
"33.html","射精对女人性高潮很重要","5204KVP3-5.jpg"
"34.html","精液涌入助推女人性高潮","159831.jpg"
"35.html","女人谈精液射在里面的感觉","1612343N6-0.jpg"
"36.html","性音悦耳动听中加快性高潮","217_00.jpg"
"37.html","男人喜欢怎样的床上呻吟","2008031114254682.jpg"
"38.html","听女人讲述最想怎么做爱","90_00.jpeg"
"39.html","她认为男人哪个部位最性感","114_00.jpg"
"40.html","性爱前女人最讨厌五件事","20313227.jpg"
"41.html","如何征服少女的第一次","97478269.jpg"
"42.html","奉献初夜时女人在想什么","6_00.jpg"
"43.html","有痛有甜我的初夜全体验","55_00.jpg"
"44.html","如何让淑女爱上性交?","283_00.jpg"
"45.html","让性爱更有趣的花式技巧","66_00.jpg"
"46.html","高潮后的四件闺房密招","63_00.jpeg"
"47.html","5个问题看你是否性爱高手","836961.jpg"
"48.html","和老板娘做爱才知何为高潮","2209431Z5-5.jpg"
"49.html","娇妻性爱前8种调情高招","55864239.jpg"
"50.html","瞬间点燃“性爱之火”","44553039.jpg"
"51.html","不同尺寸有不同的技巧","9_00.jpg"
"52.html","高招触动她的快感神经","1319698792_08224900.jpg"
"53.html","女人性高潮时私处的变化","1314849125_46187700.jpg"
"54.html","做爱升级：寻找子宫的快感","153_00.jpg"
"55.html","在山顶我们一起达到性高潮","185_00.jpg"
"56.html","新鲜场所让激情四处燃烧","285_00.jpg"
"57.html","女人喜欢的六大性爱场景","28340800.jpg"
"58.html","女人心声：期待这样的性爱","10-1110261119590-L.jpg"
"59.html","性饥渴美女被脱下性裤后…","10-1110120935480-L.jpg"
"60.html","勾引少妇的性爱故事","227_00.jpg"
