"StringId","English","Chinese"
1,"Dude, please make sure your internet connection is alright to continue playing.","伙计，想继续游戏，请确保你的网络正常连接。"
2,"Use Item","使用道具"
3,"Full energy now, no need to use item.","能量已满，不需要使用道具"
4,"Full HP now, no need to use item.","生命已满，不需要使用道具"
5,"Current Energy: %d / %d","当前能量值: %d / %d"
6,"Buy Item","购买道具"
7,"The item be using","道具正在使用中"
1001,"Click to continue","点击开始"
1002,"Gain","获得"
1003,"intelligance","智力型"
1004,"charm","魅力型"
1005,"power","力量型"
1006,"Character of intelligence class has 200+ points of IQ, good at runing business, who generally possess much more money than other classes. Money is everything!","智力型角色智力评测高于200点，善于各类商业经营。在游戏中的获益远高于其他类型的玩家。这个世界有钱才是真理"
1007,"Character of charm class has charming appearance and personality, who generally possess much more subordinates than other classes. Unite them to conquer the world!","魅力型角色不但具有迷人的外表，还拥有超强的人格魅力。拥有手下数量将多于其他类型玩家。团结你的手下去征服美国，世界从来都不是一个人的。"
1008,"Character of power class has strong body, a good command of various weapons and generally can bring out the best of their attibutes. We can rely on nothing but power in this dark world.","体魄强健肌肉发达，不但如此，还善于是使用各种武器装备。力量型角色能将装备属性发挥的极限。在黑帮的世界中还有什么比力量更可靠吗。"
1009,"op","op-cn"
2001,"Health","生 命"
2002,"Energy","能 量"
2003,"Attack","攻 击"
2004,"Defense","防 御"
3001,"    Pay %d dollars for bail, then you are free to go your way.","    花费%d美元保释金，你就可以重获自由了。"
3002,"Unlock next stage by completing all quests.","执行完本州任务，将开启下一关卡。"
3003,"    You are no strong enough to challenge boss, %d underling are necessary at least.","    你的帮派还不够强大，挑战BOSS需要%d名手下。赶快去战斗征服更多的手下。"
3004,"    You can use 5 %@ to exchange %@.","你获得了 %@，收集5个可以兑换道具 %@。"
4001,"You successfully defeat opponent and become his leader.","您成功征服对手，他将成为你的手下。"
4002,"You successfully defeat opponent and become her leader.","您成功征服对手，她将成为你的手下。"
4003,"name","输入玩家昵称"
4004,"Defeat your opponent and subdue him.","战胜对手，他将成为你的手下。"
4005,"Defeat your opponent and subdue her.","战胜对手，她将成为你的手下。"
4006,"Latest news! Boss %@ was defeated by you, you successfully occupied %@ state and controlled the world of %@ state. Stronger power is needed to conquer America.","最新消息，BOSS %@ 已经被你击败，你征服了 %@ 并且获得了 %@ 的地下世界控制权。征服美国指日可待。"
4007,"    You defeat %@, and successfully obtain %d-star equipment %@, upgrade it to strengthen fighting capacity. %d underlings died in battle.","    你击败BOSS %@ ，您在战斗中成功获得%d星级武器 %@。升级该装备有助于你提高帮派的战斗力。本次战斗阵亡手下%d名。"
5001,"You can not exchange yourself.","不可以更换自己。"
5002,"    This location would be opened only when you reach level %d . Do more missions to speed up upgrade.","  你的等级不足，%d级将为您开启该位置。做任务可以快速提升等级。"
7001,"Success!!","强化成功!"
7002,"Fail...","强化失败"
7003,"Use item to get 100% success.","当前强化成功率为100%"
7004,"    %d mins CD for the next upgrade, you can pay %d dollars to clear CD.","    距离下次强化时间还有 %d 分钟，您可以使用 %d 美元清空CD时间。"
7005,"You can continue to fortify equipment.","您可以继续强化装备了"
8001,"GAIN","收获"
8002,"Max business level already.","商业已升至最高级"
8003,"Max dispatching aoumnt already.","派遣人数已经达到上限"
9001,"Successfully buy equipment.","购买装备成功"
12001,"Buy Success","购买成功"
12002,"Use Success","使用成功"
12003,"Successfully use card to exchange item.","兑换道具成功"
12004,"The equipment already put in pack.","装备已经放入背包中"
13001,"Background Music","背景音乐"
13002,"Vibrate","震动设置"
14001,"error time %f ago","错误时间 %f"
14002,"not long ago","刚刚"
14003,"%d minutes ago","%d分钟前"
14004,"%d hours ago","%d小时前"
14005,"%d days ago","%d天前"
14006,"Support Mail","建议邮件"
14007,"Result: Mail sending canceled","邮件发送被取消"
14008,"Result: Mail saved","邮件已保存"
14009,"Result: Mail sent","邮件已发送"
14010,"Result: Mail sending failed","邮件发送失败"
14011,"Result: Mail not sent","邮件未发送"
15001,"Welcome to American Gangster, I'm your friend Andy. Please click ""Mission"" to open your gangster life.","欢迎来到黑帮世界，我是你的伙伴Andy，点击“任务”开启你的黑帮人生。"
15002,"You need to do missions if you want to survive in this world of gangster. Doing missions will consume energies but win amounts of experience as well. Please click on ""DO IT"" to continue.","想在黑帮生存，就需要完成任务。每次进行任务都会消耗你的能量值，也会为你提供大量的经验值。点击“执行”进行任务。"
15003,"Doing mission can obtain amounts of money, please click on ""DO IT"" to continue.","进行任务，还能获得大量的金钱,继续点击“执行”进行任务。"
15004,"Congratulations for level up! Back to the HOME page and buy some new equipments.","恭喜你,你升级了。返回“主页”界面,为自己添置新装备吧。"
15005,"Go to STORE and buy kinds of powerful equipments to enhance your ability.","前往商店,购置各式各样的强力装备，增加你的实力。"
15006,"Buying equipments would consumes money, please click on ""Buy"" to continue.","购买装备需要消耗一定的金钱,点击“购买”获得装备。"
15007,"Click on ""GROUP"" to enter into gang page and put on equipments.","点击“帮会”进入帮派界面穿戴装备"
15008,"Click on equipment column to put on equipment.","点击装备框穿戴装备"
15009,"Select equipment and click on ""OK"" to put it on.","勾选装备后,点击“确认”完成穿戴装备"
15010,"Click on equipment to enhance its fighting power.","点击装备对装备进行火力强化"
15011,"Click on ""FORTIFY"" to enter into fortification page.","点击“强化”进入强化界面"
15012,"Select equipment that needs fortification, and click on ""FORTIFY"" to start.","选择需要强化的装备，点击“强化”开始强化"
15013,"Now click on ""FORTIFY"" again.","再次点击“强化”"
15014,"Successfully fortified, click on ""BATTLE"" to have a fierce fight!","火力强化成功，点击“对战”去大干一场吧"
15015,"Click on CHALLENGE to fight your opponent.","点击“挑战”和你的对手再大干一场吧。"
15016,"You successfully subdue a player, go to check in Group page.","你成功将一名玩家招收为自己的手下，赶快回“帮会”里看看"
15017,"Click on Icon to choose underling to battle.","点击头像框，选择出战手下"
15018,"After selected, click on OK to dispatch him to battle.","勾选手下后,点击“确认”完成手下的出战"
15019,"Successfully dispatched, you can go to explore the world of gangster with your underlings now.","手下出战成功，你可以带着手下一起探索黑帮世界了。愿主保佑你！"
15020,"Various accident might happen in doing missions, please click on ""DO IT""to continue.","进行任务时会发生各式各样的突发事件.继续点击“执行”进行任务。"
15021,"After completing all missions in this state, you can challenge the BOSS. please click on ""DO IT"" to continue.","当你完成本州所有任务的时候,就可以挑战这里的老大。继续点击“执行”进行任务。"
